Word,Index
administrator,0
adobe,1
advance,2
advanced,3
adventure,4
aero,5
aerospace,6
ai,7
algorithm,8
alpha,9
analysis,10
analyst,11
angeles,12
application,13
apps,14
atlanta,15
austin,16
auto,17
autocad,18
automation,19
automobile,20
automotive,21
aviation,22
aws,23
biostatistics,24
bluewater,25
boston,26
bright,27
build,28
builder,29
c,30
care,31
cfd,32
chicago,33
cisco,34
civil,35
clinical,36
cloud,37
cloudtech,38
coach,39
coaching,40
code,41
communication,42
computing,43
construction,44
consultant,45
corp,46
creative,47
custom,48
cyber,49
cybersecurity,50
dallas,51
data,52
denver,53
design,54
designer,55
detroit,56
developer,57
development,58
develops,59
diego,60
digital,61
dynamic,62
e,63
eco,64
educational,65
energy,66
engineer,67
environmental,68
excel,69
explores,70
finance,71
financial,72
fintech,73
flight,74
fluid,75
focus,76
food,77
francisco,78
friendly,79
frontend,80
full,81
future,82
game,83
gen,84
gi,85
greentech,86
happy,87
health,88
healthcare,89
hello,90
high,91
houston,92
html,93
inc,94
innovates,95
innovative,96
instructional,97
intelligent,98
j,99
jose,100
la,101
leading,102
learning,103
life,104
los,105
management,106
marine,107
marketing,108
master,109
matlab,110
mechanic,111
med,112
medical,113
miami,114
mind,115
ml,116
modeling,117
network,118
networking,119
new,120
next,121
nextgen,122
node,123
nutrition,124
orlando,125
orleans,126
patient,127
perfection,128
philadelphia,129
phoenix,130
pixel,131
planner,132
planning,133
platform,134
portland,135
pro,136
provider,137
python,138
quantum,139
renewable,140
research,141
researcher,142
retail,143
robotics,144
safe,145
san,146
sap,147
science,148
scientist,149
seattle,150
sector,151
secure,152
security,153
seo,154
service,155
shield,156
sky,157
smart,158
software,159
solar,160
solution,161
specialist,162
stack,163
start,164
sustainable,165
system,166
tampa,167
tech,168
technology,169
tool,170
travel,171
ui,172
unity,173
urban,174
ux,175
vega,176
washington,177
xd,178
york,179
