company_name,description,title,location,skills_desc
Tech Solutions,Leading software solutions provider hello hello,Software Engineer,New York,Python, JavaScript, SQL
Innovative Corp,Advanced research in AI and ML,Data Scientist,San Francisco,Python, R, Machine Learning
Future Tech,Develops next-gen applications,Frontend Developer,Austin,HTML, CSS, React
Digital Dynamics,Marketing automation platform,Marketing Specialist,Los Angeles,SEO, Content Writing
Alpha Robotics,Builds intelligent robotics systems,Robotics Engineer,Boston,C++, ROS
Bright Start,Educational software and e-learning,E-learning Specialist,Chicago,Instructional Design, LMS
Health Solutions,Healthcare management systems,Healthcare Analyst,Dallas,Data Analysis, EHR
Eco Friendly,Innovates sustainable tech solutions,Environmental Engineer,Seattle,Environmental Science, CAD
Cyber Shield,Develops cybersecurity tools,Cybersecurity Analyst,Washington D.C.,Network Security, Cryptography
GreenTech,Focus on renewable energy tech,Solar Engineer,Denver,Renewable Energy, Photovoltaics
