company_name,description,title,location,skills_desc,,
Tech Solutions,Leading software solutions provider hello hello,Software Engineer,New York,Python, JavaScript, SQL
Innovative Corp,Advanced research in AI and ML,Data Scientist,San Francisco,Python, R, Machine Learning
Future Tech,Develops next-gen applications,Frontend Developer,Austin,HTML, CSS, React
Digital Dynamics,Marketing automation platform,Marketing Specialist,Los Angeles,SEO, Content Writing,
Alpha Robotics,Builds intelligent robotics systems,Robotics Engineer,Boston,C++, ROS,
Bright Start,Educational software and e-learning,E-learning Specialist,Chicago,Instructional Design, LMS,
Health Solutions,Healthcare management systems,Healthcare Analyst,Dallas,Data Analysis, EHR,
Eco Friendly,Innovates sustainable tech solutions,Environmental Engineer,Seattle,Environmental Science, CAD,
Cyber Shield,Develops cybersecurity tools,Cybersecurity Analyst,Washington D.C.,Network Security, Cryptography,
GreenTech,Focus on renewable energy tech,Solar Engineer,Denver,Renewable Energy, Photovoltaics,
Urban Builders,Construction technology and software,Civil Engineer,Miami,AutoCAD, Structural Design,
Med Care,Health tech for patient care,Clinical Researcher,Philadelphia,Biostatistics, Research,
Pixel Perfection,Creative digital solutions,UI/UX Designer,Atlanta,Adobe XD, Figma,
Auto Smart,Automotive software and tools,Automobile Engineer,Detroit,Matlab, Simulation,
Aero Dynamics,Aerospace technology and design,Aerospace Engineer,Houston,CFD, Aerodynamics,
Quantum Minds,Explores quantum computing,Quantum Researcher,San Jose,Quantum Algorithms, Physics,
Smart Retail,Tech solutions for retail sector,Retail Analyst,Portland,SAP, POS Systems,
Bright Future,Focus on solar and renewable energy,Energy Analyst,Phoenix,Energy Modeling, Excel,
NextGen Games,Game development and design,Game Developer,Las Vegas,Unity, C#,
Smart Med,Advances in medical AI applications,Medical AI Specialist,San Diego,AI, TensorFlow,
Safe Networks,Secure networking systems,Network Administrator,Orlando,Cisco, Routing,
CloudTech,Cloud computing services,Cloud Engineer,Seattle,AWS, Docker,
BlueWater Tech,Marine technology and solutions,Marine Engineer,Tampa,Fluid Mechanics, Naval Architecture,
Happy Life,Life coaching and tech solutions,Life Coach,New Orleans,Communication, NLP,
Code Masters,Custom software development,Full Stack Developer,Chicago,Node.js, React,
Sky High,Aviation tech and management,Flight Engineer,Phoenix,Flight Systems, Avionics,
Urban Dynamics,Urban planning solutions,Urban Planner,Dallas,GIS, Urban Development,
FinTech Pro,Financial technology and apps,Finance Analyst,New York,Excel, Financial Modeling,
Food Science Inc,Food and nutrition technology,Food Scientist,Boston,Nutrition, Chemistry,
Adventure Travel,Innovative travel tech,Travel Consultant,San Francisco,Travel Planning, CRM,
